{
  "HTTP请求" : {
    "transaction" : "HTTP请求",
    "sampleCount" : 2,
    "errorCount" : 0,
    "errorPct" : 0.0,
    "meanResTime" : 744.0,
    "medianResTime" : 744.0,
    "minResTime" : 261.0,
    "maxResTime" : 1227.0,
    "pct1ResTime" : 1227.0,
    "pct2ResTime" : 1227.0,
    "pct3ResTime" : 1227.0,
    "throughput" : 1.341381623071764,
    "receivedKBytesPerSec" : 1.2588552146210596,
    "sentKBytesPerSec" : 0.14409372904091214
  },
  "Total" : {
    "transaction" : "Total",
    "sampleCount" : 2,
    "errorCount" : 0,
    "errorPct" : 0.0,
    "meanResTime" : 744.0,
    "medianResTime" : 744.0,
    "minResTime" : 261.0,
    "maxResTime" : 1227.0,
    "pct1ResTime" : 1227.0,
    "pct2ResTime" : 1227.0,
    "pct3ResTime" : 1227.0,
    "throughput" : 1.341381623071764,
    "receivedKBytesPerSec" : 1.2588552146210596,
    "sentKBytesPerSec" : 0.14409372904091214
  }
}