{
  "HTTP请求" : {
    "transaction" : "HTTP请求",
    "sampleCount" : 5,
    "errorCount" : 0,
    "errorPct" : 0.0,
    "meanResTime" : 351.8,
    "medianResTime" : 194.0,
    "minResTime" : 192.0,
    "maxResTime" : 985.0,
    "pct1ResTime" : 985.0,
    "pct2ResTime" : 985.0,
    "pct3ResTime" : 985.0,
    "throughput" : 2.834467120181406,
    "receivedKBytesPerSec" : 2.610256342120181,
    "sentKBytesPerSec" : 0.30448377267573695
  },
  "Total" : {
    "transaction" : "Total",
    "sampleCount" : 5,
    "errorCount" : 0,
    "errorPct" : 0.0,
    "meanResTime" : 351.8,
    "medianResTime" : 194.0,
    "minResTime" : 192.0,
    "maxResTime" : 985.0,
    "pct1ResTime" : 985.0,
    "pct2ResTime" : 985.0,
    "pct3ResTime" : 985.0,
    "throughput" : 2.834467120181406,
    "receivedKBytesPerSec" : 2.610256342120181,
    "sentKBytesPerSec" : 0.30448377267573695
  }
}