{
  "HTTP请求" : {
    "transaction" : "HTTP请求",
    "sampleCount" : 5,
    "errorCount" : 0,
    "errorPct" : 0.0,
    "meanResTime" : 190.4,
    "medianResTime" : 86.0,
    "minResTime" : 84.0,
    "maxResTime" : 610.0,
    "pct1ResTime" : 610.0,
    "pct2ResTime" : 610.0,
    "pct3ResTime" : 610.0,
    "throughput" : 5.219206680584551,
    "receivedKBytesPerSec" : 4.658549712943633,
    "sentKBytesPerSec" : 0.5606569676409187
  },
  "Total" : {
    "transaction" : "Total",
    "sampleCount" : 5,
    "errorCount" : 0,
    "errorPct" : 0.0,
    "meanResTime" : 190.4,
    "medianResTime" : 86.0,
    "minResTime" : 84.0,
    "maxResTime" : 610.0,
    "pct1ResTime" : 610.0,
    "pct2ResTime" : 610.0,
    "pct3ResTime" : 610.0,
    "throughput" : 5.219206680584551,
    "receivedKBytesPerSec" : 4.658549712943633,
    "sentKBytesPerSec" : 0.5606569676409187
  }
}