{
  "HTTP请求" : {
    "transaction" : "HTTP请求",
    "sampleCount" : 2,
    "errorCount" : 0,
    "errorPct" : 0.0,
    "meanResTime" : 709.5,
    "medianResTime" : 709.5,
    "minResTime" : 210.0,
    "maxResTime" : 1209.0,
    "pct1ResTime" : 1209.0,
    "pct2ResTime" : 1209.0,
    "pct3ResTime" : 1209.0,
    "throughput" : 1.4044943820224718,
    "receivedKBytesPerSec" : 1.3180850596910112,
    "sentKBytesPerSec" : 0.15087341994382023
  },
  "Total" : {
    "transaction" : "Total",
    "sampleCount" : 2,
    "errorCount" : 0,
    "errorPct" : 0.0,
    "meanResTime" : 709.5,
    "medianResTime" : 709.5,
    "minResTime" : 210.0,
    "maxResTime" : 1209.0,
    "pct1ResTime" : 1209.0,
    "pct2ResTime" : 1209.0,
    "pct3ResTime" : 1209.0,
    "throughput" : 1.4044943820224718,
    "receivedKBytesPerSec" : 1.3180850596910112,
    "sentKBytesPerSec" : 0.15087341994382023
  }
}