{
  "HTTP请求" : {
    "transaction" : "HTTP请求",
    "sampleCount" : 3,
    "errorCount" : 0,
    "errorPct" : 0.0,
    "meanResTime" : 498.0,
    "medianResTime" : 215.0,
    "minResTime" : 210.0,
    "maxResTime" : 1069.0,
    "pct1ResTime" : 1069.0,
    "pct2ResTime" : 1069.0,
    "pct3ResTime" : 1069.0,
    "throughput" : 2.0013342228152102,
    "receivedKBytesPerSec" : 1.8782052618412273,
    "sentKBytesPerSec" : 0.21498707471647763
  },
  "Total" : {
    "transaction" : "Total",
    "sampleCount" : 3,
    "errorCount" : 0,
    "errorPct" : 0.0,
    "meanResTime" : 498.0,
    "medianResTime" : 215.0,
    "minResTime" : 210.0,
    "maxResTime" : 1069.0,
    "pct1ResTime" : 1069.0,
    "pct2ResTime" : 1069.0,
    "pct3ResTime" : 1069.0,
    "throughput" : 2.0013342228152102,
    "receivedKBytesPerSec" : 1.8782052618412273,
    "sentKBytesPerSec" : 0.21498707471647763
  }
}